Stock,Company Name,ISIN Code,Instrument Key,Cross Date,Cross Price,Previous Monthly RSI,Cross Monthly RSI,Detected On
PHOENIXLTD,Phoenix Mills Ltd.,INE211B01039,NSE_EQ|INE211B01039,2026-09-01,1935.0,69.86,70.6,2026-10-06T12:49:11
ABDL,Allied Blenders and Distillers Ltd.,INE552Z01027,NSE_EQ|INE552Z01027,2026-09-01,718.9,67.12,71.26,2026-10-06T12:49:13
CAPLIPOINT,Caplin Point Laboratories Ltd.,INE475E01026,NSE_EQ|INE475E01026,2026-09-01,2716.4,68.59,71.17,2026-10-06T12:49:17
REDINGTON,Redington Ltd.,INE891D01026,NSE_EQ|INE891D01026,2026-09-01,407.0,68.73,72.65,2026-10-06T12:49:30
WELSPUNLIV,Welspun Living Ltd.,INE192B01031,NSE_EQ|INE192B01031,2026-09-01,227.33,65.78,70.56,2026-10-06T12:49:34
WELENT,Welspun Enterprises Ltd.,INE625G01013,NSE_EQ|INE625G01013,2026-09-01,742.7,69.36,71.81,2026-10-06T12:49:38
YATHARTH,Yatharth Hospital & Trauma Care Services Ltd.,INE0JO301016,NSE_EQ|INE0JO301016,2026-09-01,1032.5,69.95,70.85,2026-10-06T12:49:41
APOLLO,Apollo Micro Systems Ltd.,INE713T01028,NSE_EQ|INE713T01028,2026-09-01,403.45,69.38,70.51,2026-10-06T12:49:43
AXISCADES,AXISCADES Technologies Ltd.,INE555B01013,NSE_EQ|INE555B01013,2026-09-01,2231.2,61.55,70.15,2026-10-06T12:49:43
DYNAMATECH,Dynamatic Technologies Ltd.,INE221B01012,NSE_EQ|INE221B01012,2026-09-01,13611.0,69.32,73.76,2026-10-06T12:49:43
NAZARA,Nazara Technologies Ltd.,INE418L01047,NSE_EQ|INE418L01047,2026-09-01,392.85,67.91,70.1,2026-10-06T12:49:45
MAHSEAMLES,Maharashtra Seamless Ltd.,INE271B01025,NSE_EQ|INE271B01025,2026-09-01,737.65,67.58,70.26,2026-10-06T12:49:55
SOUTHBANK,South Indian Bank Ltd.,INE683A01023,NSE_EQ|INE683A01023,2026-09-01,48.24,69.05,71.5,2026-10-06T12:49:58
SMLMAH,SML Mahindra Ltd.,INE294B01019,NSE_EQ|INE294B01019,2026-09-01,6578.0,65.27,71.59,2026-10-06T12:49:59
WABAG,Va Tech Wabag Ltd.,INE956G01038,NSE_EQ|INE956G01038,2026-09-01,2061.4,69.27,70.6,2026-10-06T12:50:01
