Stock,Cross Date,Touch #,Touch Date,Touch Time,Hourly RSI,Touch LTP
PHOENIXLTD,2026-09-01,1,2026-09-09,09:15,25.78,1868.7
PHOENIXLTD,2026-09-01,2,2026-09-11,09:15,29.81,1845.0
PHOENIXLTD,2026-09-01,3,2026-10-06,12:15,29.5,1861.9
WELENT,2026-09-01,1,2026-09-15,14:15,24.34,734.75
WELENT,2026-09-01,2,2026-09-24,14:15,29.03,750.0
NAZARA,2026-09-01,1,2026-09-15,14:15,27.54,358.0
NAZARA,2026-09-01,2,2026-09-16,14:15,29.29,351.05
SOUTHBANK,2026-09-01,1,2026-09-15,13:15,28.62,45.2
SMLMAH,2026-09-01,1,2026-09-16,09:15,27.61,5960.0
SMLMAH,2026-09-01,2,2026-10-01,13:15,28.52,6249.5
WABAG,2026-09-01,1,2026-09-16,09:15,29.9,2026.9
ABDL,2026-09-01,1,2026-09-08,13:15,29.87,594.2
ABDL,2026-09-01,2,2026-10-01,13:15,29.45,678.45
CAPLIPOINT,2026-09-01,1,2026-09-15,09:15,28.1,2611.2
CAPLIPOINT,2026-09-01,2,2026-09-15,13:15,28.46,2587.0
CAPLIPOINT,2026-09-01,3,2026-09-30,09:15,26.92,2686.0
CAPLIPOINT,2026-09-01,4,2026-10-01,11:15,27.3,2636.1
CAPLIPOINT,2026-09-01,5,2026-10-05,09:15,26.78,2580.0
WELSPUNLIV,2026-09-01,1,2026-09-16,09:15,27.03,196.26
YATHARTH,2026-09-01,1,2026-09-30,09:15,28.38,1052.8
YATHARTH,2026-09-01,2,2026-09-30,14:15,27.96,1032.6
YATHARTH,2026-09-01,3,2026-10-05,11:15,28.91,997.7
APOLLO,2026-09-01,1,2026-09-15,13:15,26.77,388.55
AXISCADES,2026-09-01,1,2026-09-15,13:15,26.33,1733.8
