Stock,Company Name,Entry Type,Cross Date,Cross Price,LTP,Growth %,Max Growth %,Drawdown %,Monthly RSI,Weekly RSI,Hourly RSI,Prev Monthly RSI,Days Since Cross,H-RSI Touch ≤30 Count,H-RSI Touch Dates,M-RSI Status,W-RSI Status,H-RSI Status,ISIN Code,Instrument Key
CUPID,Cupid Ltd.,ALREADY ABOVE 70,,,343.95,,,,94.68,85.47,82.15,93.96,,0,,🟢 >70,🟢 >50,🔴 >70,INE509F01029,NSE_EQ|INE509F01029
CPPLUS,Aditya Infotech Ltd.,ALREADY ABOVE 70,,,4064.9,,,,89.98,68.6,63.18,,,0,,🟢 >70,🟢 >50,🟢 30–70,INE819V01029,NSE_EQ|INE819V01029
BELRISE,Belrise Industries Ltd.,ALREADY ABOVE 70,,,246.31,,,,89.54,59.6,68.14,89.13,,0,,🟢 >70,🟢 >50,🟢 30–70,INE894V01022,NSE_EQ|INE894V01022
WELCORP,Welspun Corp Ltd.,ALREADY ABOVE 70,,,2704.6,,,,89.26,80.6,59.84,89.79,,0,,🟢 >70,🟢 >50,🟢 30–70,INE191B01025,NSE_EQ|INE191B01025
LAURUSLABS,Laurus Labs Ltd.,ALREADY ABOVE 70,,,2052.8,,,,87.7,77.39,68.29,87.0,,0,,🟢 >70,🟢 >50,🟢 30–70,INE947Q01028,NSE_EQ|INE947Q01028
SHILPAMED,Shilpa Medicare Ltd.,ALREADY ABOVE 70,,,1071.2,,,,87.07,91.61,55.7,86.68,,0,,🟢 >70,🟢 >50,🟢 30–70,INE790G01031,NSE_EQ|INE790G01031
BLACKBUCK,Blackbuck Ltd.,ALREADY ABOVE 70,,,616.4,,,,84.71,54.73,60.47,84.57,,0,,🟢 >70,🟢 >50,🟢 30–70,INE0UIZ01018,NSE_EQ|INE0UIZ01018
SKYGOLD,SKY GOLD AND DIAMONDS Ltd.,ALREADY ABOVE 70,,,876.95,,,,84.19,76.77,65.83,82.6,,0,,🟢 >70,🟢 >50,🟢 30–70,INE01IU01018,NSE_EQ|INE01IU01018
BLUESTONE,BlueStone Jewellery and Lifestyle Ltd.,ALREADY ABOVE 70,,,831.1,,,,81.85,64.02,69.66,,,0,,🟢 >70,🟢 >50,🟢 30–70,INE304W01038,NSE_EQ|INE304W01038
AVALON,Avalon Technologies Ltd.,ALREADY ABOVE 70,,,2429.7,,,,81.67,73.07,62.03,80.35,,0,,🟢 >70,🟢 >50,🟢 30–70,INE0LCL01028,NSE_EQ|INE0LCL01028
THELEELA,Leela Palaces Hotels & Resorts Ltd.,ALREADY ABOVE 70,,,602.45,,,,81.41,73.93,73.26,79.52,,0,,🟢 >70,🟢 >50,🔴 >70,INE0AQ201015,NSE_EQ|INE0AQ201015
TRAVELFOOD,Travel Food Services Ltd.,ALREADY ABOVE 70,,,1187.3,,,,81.19,41.96,42.32,81.88,,0,,🟢 >70,🔴 <50,🟢 30–70,INE103V01028,NSE_EQ|INE103V01028
TDPOWERSYS,TD Power Systems Ltd.,ALREADY ABOVE 70,,,821.1,,,,81.12,70.17,58.03,80.09,,0,,🟢 >70,🟢 >50,🟢 30–70,INE419M01035,NSE_EQ|INE419M01035
CHENNPETRO,Chennai Petroleum Corporation Ltd.,ALREADY ABOVE 70,,,1612.3,,,,80.53,68.76,83.38,77.3,,0,,🟢 >70,🟢 >50,🔴 >70,INE178A01016,NSE_EQ|INE178A01016
AEGISLOG,Aegis Logistics Ltd.,ALREADY ABOVE 70,,,1460.2,,,,80.41,67.3,68.6,78.96,,0,,🟢 >70,🟢 >50,🟢 30–70,INE208C01025,NSE_EQ|INE208C01025
SYRMA,Syrma SGS Technology Ltd.,ALREADY ABOVE 70,,,1746.7,,,,80.23,76.09,58.81,82.53,,0,,🟢 >70,🟢 >50,🟢 30–70,INE0DYJ01015,NSE_EQ|INE0DYJ01015
SANSERA,Sansera Engineering Ltd.,ALREADY ABOVE 70,,,4261.7,,,,80.01,70.82,45.61,87.0,,0,,🟢 >70,🟢 >50,🟢 30–70,INE953O01021,NSE_EQ|INE953O01021
RADICO,Radico Khaitan Ltd,ALREADY ABOVE 70,,,4495.0,,,,79.49,64.84,60.05,78.56,,0,,🟢 >70,🟢 >50,🟢 30–70,INE944F01028,NSE_EQ|INE944F01028
GRANULES,Granules India Ltd.,ALREADY ABOVE 70,,,845.3,,,,79.44,57.15,57.74,79.63,,0,,🟢 >70,🟢 >50,🟢 30–70,INE101D01020,NSE_EQ|INE101D01020
GLAND,Gland Pharma Ltd.,ALREADY ABOVE 70,,,3150.6,,,,78.95,74.96,76.09,76.4,,0,,🟢 >70,🟢 >50,🔴 >70,INE068V01023,NSE_EQ|INE068V01023
INOXINDIA,INOX India Ltd.,ALREADY ABOVE 70,,,2082.0,,,,78.7,63.57,46.05,78.21,,0,,🟢 >70,🟢 >50,🟢 30–70,INE616N01034,NSE_EQ|INE616N01034
NAVINFLUOR,Navin Fluorine International Ltd.,ALREADY ABOVE 70,,,8490.0,,,,78.55,67.75,61.28,77.48,,0,,🟢 >70,🟢 >50,🟢 30–70,INE048G01026,NSE_EQ|INE048G01026
ANANDRATHI,Anand Rathi Wealth Ltd.,ALREADY ABOVE 70,,,2127.2,,,,78.26,63.38,46.62,78.16,,0,,🟢 >70,🟢 >50,🟢 30–70,INE463V01026,NSE_EQ|INE463V01026
MCX,Multi Commodity Exchange of India Ltd.,ALREADY ABOVE 70,,,3362.6,,,,78.05,66.08,63.21,77.51,,0,,🟢 >70,🟢 >50,🟢 30–70,INE745G01043,NSE_EQ|INE745G01043
AZAD,Azad Engineering Ltd.,ALREADY ABOVE 70,,,3048.2,,,,77.88,70.81,60.93,77.18,,0,,🟢 >70,🟢 >50,🟢 30–70,INE02IJ01035,NSE_EQ|INE02IJ01035
DIVISLAB,Divi's Laboratories Ltd.,ALREADY ABOVE 70,,,9588.0,,,,77.7,78.13,69.37,76.62,,0,,🟢 >70,🟢 >50,🟢 30–70,INE361B01024,NSE_EQ|INE361B01024
ANTHEM,Anthem Biosciences Ltd.,ALREADY ABOVE 70,,,887.05,,,,77.67,59.71,61.95,76.76,,0,,🟢 >70,🟢 >50,🟢 30–70,INE0CZ201020,NSE_EQ|INE0CZ201020
HFCL,HFCL Ltd.,ALREADY ABOVE 70,,,271.9,,,,77.37,73.14,75.34,72.89,,0,,🟢 >70,🟢 >50,🔴 >70,INE548A01028,NSE_EQ|INE548A01028
KRN,KRN HEAT EXCHANGER AND REFRIGERATION Ltd.,ALREADY ABOVE 70,,,1484.2,,,,77.24,61.72,61.72,76.79,,0,,🟢 >70,🟢 >50,🟢 30–70,INE0Q3J01015,NSE_EQ|INE0Q3J01015
ATHERENERG,Ather Energy Ltd.,ALREADY ABOVE 70,,,1455.0,,,,76.56,61.54,61.03,76.07,,0,,🟢 >70,🟢 >50,🟢 30–70,INE0LEZ01016,NSE_EQ|INE0LEZ01016
AUROPHARMA,Aurobindo Pharma Ltd.,ALREADY ABOVE 70,,,1682.0,,,,76.28,65.81,49.17,76.06,,0,,🟢 >70,🟢 >50,🟢 30–70,INE406A01037,NSE_EQ|INE406A01037
RBLBANK,RBL Bank Ltd.,ALREADY ABOVE 70,,,412.0,,,,76.27,65.84,47.63,75.41,,0,,🟢 >70,🟢 >50,🟢 30–70,INE976G01028,NSE_EQ|INE976G01028
AETHER,Aether Industries Ltd.,ALREADY ABOVE 70,,,1783.0,,,,76.1,69.65,62.83,74.25,,0,,🟢 >70,🟢 >50,🟢 30–70,INE0BWX01014,NSE_EQ|INE0BWX01014
PGIL,Pearl Global Industries Ltd.,ALREADY ABOVE 70,,,1273.1,,,,75.58,66.24,49.3,76.29,,0,,🟢 >70,🟢 >50,🟢 30–70,INE940H01022,NSE_EQ|INE940H01022
PTCIL,PTC Industries Ltd.,ALREADY ABOVE 70,,,24770.0,,,,75.24,72.62,83.07,71.35,,0,,🟢 >70,🟢 >50,🔴 >70,INE596F01018,NSE_EQ|INE596F01018
SMARTWORKS,Smartworks Coworking Spaces Ltd.,ALREADY ABOVE 70,,,494.4,,,,74.82,50.13,41.24,77.82,,0,,🟢 >70,🟢 >50,🟢 30–70,INE0NAZ01010,NSE_EQ|INE0NAZ01010
SAGILITY,Sagility Ltd.,ALREADY ABOVE 70,,,43.11,,,,74.62,48.66,48.95,74.42,,0,,🟢 >70,🔴 <50,🟢 30–70,INE0W2G01015,NSE_EQ|INE0W2G01015
SHRIPISTON,SPR Auto Technologies Ltd.,ALREADY ABOVE 70,,,4411.6,,,,74.32,60.01,44.84,80.59,,0,,🟢 >70,🟢 >50,🟢 30–70,INE526E01018,NSE_EQ|INE526E01018
APARINDS,Apar Industries Ltd.,ALREADY ABOVE 70,,,18160.0,,,,74.19,68.42,54.6,72.89,,0,,🟢 >70,🟢 >50,🟢 30–70,INE372A01015,NSE_EQ|INE372A01015
BHEL,Bharat Heavy Electricals Ltd.,ALREADY ABOVE 70,,,448.5,,,,74.1,66.22,67.24,71.83,,0,,🟢 >70,🟢 >50,🟢 30–70,INE257A01026,NSE_EQ|INE257A01026
AJANTPHARM,Ajanta Pharmaceuticals Ltd.,ALREADY ABOVE 70,,,3570.0,,,,74.08,64.39,53.01,76.08,,0,,🟢 >70,🟢 >50,🟢 30–70,INE031B01049,NSE_EQ|INE031B01049
DYNAMATECH,Dynamatic Technologies Ltd.,HISTORICAL CROSS,2026-09-01,13611.0,13723.0,0.82,5.86,-4.76,74.04,70.41,43.45,73.76,36.0,0,,🟢 >70,🟢 >50,🟢 30–70,INE221B01012,NSE_EQ|INE221B01012
ACUTAAS,Acutaas Chemicals Ltd.,ALREADY ABOVE 70,,,3174.2,,,,73.9,53.96,50.13,77.26,,0,,🟢 >70,🟢 >50,🟢 30–70,INE00FF01025,NSE_EQ|INE00FF01025
EIEL,Enviro Infra Engineers Ltd.,ALREADY ABOVE 70,,,187.41,,,,73.54,44.14,53.68,73.85,,0,,🟢 >70,🔴 <50,🟢 30–70,INE0LLY01014,NSE_EQ|INE0LLY01014
EMCURE,Emcure Pharmaceuticals Ltd.,ALREADY ABOVE 70,,,1920.0,,,,73.44,59.04,49.64,74.8,,0,,🟢 >70,🟢 >50,🟢 30–70,INE168P01015,NSE_EQ|INE168P01015
NYKAA,FSN E-Commerce Ventures Ltd.,ALREADY ABOVE 70,,,341.25,,,,73.33,65.59,57.5,71.16,,0,,🟢 >70,🟢 >50,🟢 30–70,INE388Y01029,NSE_EQ|INE388Y01029
IPCALAB,Ipca Laboratories Ltd.,ALREADY ABOVE 70,,,1929.0,,,,72.96,62.83,40.12,72.92,,0,,🟢 >70,🟢 >50,🟢 30–70,INE571A01038,NSE_EQ|INE571A01038
REDINGTON,Redington Ltd.,HISTORICAL CROSS,2026-09-01,407.0,406.5,-0.12,3.07,-3.1,72.55,72.74,51.21,72.65,36.0,0,,🟢 >70,🟢 >50,🟢 30–70,INE891D01026,NSE_EQ|INE891D01026
TBOTEK,TBO Tek Ltd.,ALREADY ABOVE 70,,,1704.5,,,,72.51,65.15,53.23,72.28,,0,,🟢 >70,🟢 >50,🟢 30–70,INE673O01025,NSE_EQ|INE673O01025
MARKSANS,Marksans Pharma Ltd.,ALREADY ABOVE 70,,,325.45,,,,72.36,67.34,47.07,72.13,,0,,🟢 >70,🟢 >50,🟢 30–70,INE750C01026,NSE_EQ|INE750C01026
KIRLOSENG,Kirloskar Oil Eng Ltd.,ALREADY ABOVE 70,,,2230.0,,,,72.26,61.91,46.13,75.06,,0,,🟢 >70,🟢 >50,🟢 30–70,INE146L01010,NSE_EQ|INE146L01010
BALRAMCHIN,Balrampur Chini Mills Ltd.,ALREADY ABOVE 70,,,706.6,,,,71.78,64.43,66.42,69.34,,0,,🟢 >70,🟢 >50,🟢 30–70,INE119A01028,NSE_EQ|INE119A01028
ASTRAMICRO,Astra Microwave Products Ltd.,ALREADY ABOVE 70,,,1701.1,,,,71.77,61.46,61.01,70.59,,0,,🟢 >70,🟢 >50,🟢 30–70,INE386C01029,NSE_EQ|INE386C01029
WELSPUNLIV,Welspun Living Ltd.,HISTORICAL CROSS,2026-09-01,227.33,235.86,3.75,7.99,-3.93,71.72,81.61,53.12,70.56,36.0,1,2026-09-16 09:15,🟢 >70,🟢 >50,🟢 30–70,INE192B01031,NSE_EQ|INE192B01031
SOLARINDS,Solar Industries India Ltd.,ALREADY ABOVE 70,,,20050.0,,,,71.62,58.45,60.13,70.97,,0,,🟢 >70,🟢 >50,🟢 30–70,INE343H01029,NSE_EQ|INE343H01029
WELENT,Welspun Enterprises Ltd.,HISTORICAL CROSS,2026-09-01,742.7,740.75,-0.26,13.36,-12.01,71.6,62.95,56.02,71.81,36.0,2,"2026-09-15 14:15, 2026-09-24 14:15",🟢 >70,🟢 >50,🟢 30–70,INE625G01013,NSE_EQ|INE625G01013
LALPATHLAB,Dr. Lal Path Labs Ltd.,ALREADY ABOVE 70,,,1938.0,,,,71.56,64.51,41.61,74.51,,0,,🟢 >70,🟢 >50,🟢 30–70,INE600L01024,NSE_EQ|INE600L01024
ZYDUSLIFE,Zydus Lifesciences Ltd.,ALREADY ABOVE 70,,,1153.0,,,,71.38,57.95,47.84,72.53,,0,,🟢 >70,🟢 >50,🟢 30–70,INE010B01027,NSE_EQ|INE010B01027
APOLLO,Apollo Micro Systems Ltd.,HISTORICAL CROSS,2026-09-01,403.45,414.75,2.8,6.07,-3.08,71.25,58.82,59.74,70.51,36.0,1,2026-09-15 13:15,🟢 >70,🟢 >50,🟢 30–70,INE713T01028,NSE_EQ|INE713T01028
ALIVUS,Alivus Life Sciences Ltd.,ALREADY ABOVE 70,,,1370.2,,,,71.05,67.69,49.27,71.84,,0,,🟢 >70,🟢 >50,🟢 30–70,INE03Q201024,NSE_EQ|INE03Q201024
TORNTPHARM,Torrent Pharmaceuticals Ltd.,ALREADY ABOVE 70,,,4716.2,,,,70.98,51.69,40.29,73.4,,0,,🟢 >70,🟢 >50,🟢 30–70,INE685A01028,NSE_EQ|INE685A01028
YATHARTH,Yatharth Hospital & Trauma Care Services Ltd.,HISTORICAL CROSS,2026-09-01,1032.5,1032.7,0.02,14.67,-12.78,70.86,62.79,45.13,70.85,36.0,3,"2026-09-30 09:15, 2026-09-30 14:15, 2026-10-05 11:15",🟢 >70,🟢 >50,🟢 30–70,INE0JO301016,NSE_EQ|INE0JO301016
NEULANDLAB,Neuland Laboratories Ltd.,ALREADY ABOVE 70,,,21610.0,,,,70.84,61.18,47.29,70.47,,0,,🟢 >70,🟢 >50,🟢 30–70,INE794A01010,NSE_EQ|INE794A01010
MANORAMA,Manorama Industries Ltd.,ALREADY ABOVE 70,,,1996.0,,,,70.52,67.21,61.13,67.71,,0,,🟢 >70,🟢 >50,🟢 30–70,INE00VM01036,NSE_EQ|INE00VM01036
AXISCADES,AXISCADES Technologies Ltd.,HISTORICAL CROSS,2026-09-01,2231.2,2245.6,0.65,5.77,-4.85,70.33,68.27,50.87,70.15,36.0,1,2026-09-15 13:15,🟢 >70,🟢 >50,🟢 30–70,INE555B01013,NSE_EQ|INE555B01013
WOCKPHARMA,Wockhardt Ltd.,ALREADY ABOVE 70,,,2150.4,,,,70.33,60.84,54.82,69.83,,0,,🟢 >70,🟢 >50,🟢 30–70,INE049B01025,NSE_EQ|INE049B01025
VARROC,Varroc Engineering Ltd.,ALREADY ABOVE 70,,,823.75,,,,70.28,67.76,51.31,74.2,,0,,🟢 >70,🟢 >50,🟢 30–70,INE665L01035,NSE_EQ|INE665L01035
KARURVYSYA,Karur Vysya Bank Ltd.,ALREADY ABOVE 70,,,330.1,,,,70.22,58.06,61.36,69.48,,0,,🟢 >70,🟢 >50,🟢 30–70,INE036D01028,NSE_EQ|INE036D01028
RRKABEL,R R Kabel Ltd.,ALREADY ABOVE 70,,,2722.5,,,,70.17,64.87,59.59,68.06,,0,,🟢 >70,🟢 >50,🟢 30–70,INE777K01022,NSE_EQ|INE777K01022
CRAFTSMAN,Craftsman Automation Ltd.,ALREADY ABOVE 70,,,10205.0,,,,70.06,55.97,44.15,72.1,,0,,🟢 >70,🟢 >50,🟢 30–70,INE00LO01017,NSE_EQ|INE00LO01017
PARAS,Paras Defence and Space Technologies Ltd.,ALREADY ABOVE 70,,,1286.1,,,,70.0,57.35,45.66,71.44,,0,,🟢 >70,🟢 >50,🟢 30–70,INE045601023,NSE_EQ|INE045601023
